Address,Return amount
0x001EAbEc5ae0e4dC40aEcd9A75A6377fa0B31Dcb,0.00016719614683254318
0x006C78f49620ef3881021C64FCbC9FE54cEC57b7,0.02114761233190734
0x00F21d4B36ef01f1bE23Eeb4A60AeC7E86682214,0.0013262429483074155
0x01DDB26F7C215eD317B83cF0c0023DB7BD36117a,1.1469926864737055e-05
0x027bB502fb52212C45CC57328C076E60527A2D6D,0.0006609767910913882
0x029B317B115dc4A40cb4774069e69C40705E0E2a,0.0016593668169710973
0x029df4209e87663493725c70bDBd03E97d5B7c4B,0.0006559102378293854
0x0315840Bd98a8279838a7AD799adde5DdA1fCebA,0.17969188365885858
0x0379ed895F8b2DB1bA771ECDDEE2839E1539fe18,2.5407811682484005e-05
0x04F1ac05f104b7692EfaD5624634574Fd388E5A2,5.265174949670743e-07
0x05391A4b0749c29335024f41552a56CFa6bD3883,0.018013977853172245
0x05DE4Af98481dC6CA566679BEE656D1d6aC6999d,0.0016757418411787
0x06b2D84b6ac9D5FE319A77B9132d34B30276E6c5,9.204251067476033e-05
0x080BE7e267c2edc3aC7137873d11F89AC1aacdA0,0.022117004356913595
0x08385BF79f956270Cc849648Cb320C225672FADb,0.04299851303247081
0x0938d38DE2E76a6c91b5cBdb7d8026A5022767A6,2.813536727926045e-07
0x09DB963c91C138Fa97FC85Fa59642E22197FeE07,0.0003305505148774131
0x09e412B65319258c8D7C38b4F57d70125adE9558,0.0006409275055137056
0x09efd0d038dab6aDf8436118DBD51b117B50d4F3,0.0038184478480391133
0x0AB993Ab9aaA55F7C80d63D8237706c228f89d9e,0.001990531067037983
0x0Ad252A930c7374f8ca53586db1f1aFc4BB7b7E3,6.030219102119784e-06
0x0Cec743b8CE4Ef8802cAc0e5df18a180ed8402A7,0.08160519541098225
0x0D0f340682fe8ae41E231C4E6F2A1c49343E8cC1,0.01861850222055472
0x0D18568Cc8B6B03218a15B356E9BBf5d5F44f5Ab,0.0685472747204264
0x0D359C60F279345CE9F5255455f096187AC30E7c,3.86861072012239e-07
0x0E32e8563a445Fee0c85db3574302fB335759903,1.761379251660292e-05
0x0E48eAfE07A6CBce58C8E42f14AF228f94760A01,0.03130705278951536
0x0FDc836b7FF031A9e1992100811906eFF9D22C38,5.214796852795937e-06
0x0a16c68fF4EF22B348bD9474dA28ecfB0975B4B6,1.637474070771567e-07
0x0b304924fAa64b0f040dcA67bC5175Dd6078db52,0.0009596553327402981
0x0bb9Ff1b6cE910a36d96441bceC9D8b878e1dc21,0.02608289196099879
0x0c0482926fDe90D80fdA23D2003B6ae32a7bA864,8.295026943388488e-07
0x0c9e887a804d59989E783729FfE5c69a2DcAD874,5.09000079469697e-06
0x0d5Dd17a205852E8E9cE2df769746dEAcC66098E,4.9004791423159254e-05
0x0d6b672feaB312cE817b689C94e87ba4F0eB56d2,1.1364629448998471
0x0d92f9E17b81bb2354A265D284440B01a2a6EA1f,0.01213232960458386
0x0d9686D3c602a458110F43147bcF33bFc3feF135,3.169704762001435e-07
0x0e63EE1a039bCC422b1bAaF65C7aE30C497d3FC8,0.22252742183208085
0x100D75e45cC7ecA38EbC8544b12E2E9Be0fb9D20,3.7217496870494523e-07
0x105477e7cB0AfC0D30269925BF1e90F2B6fA06A1,0.0005724513185936368
0x107ae3e61b6Ae2449b378FB8aCF15b33C1C7c061,1.102661939505113e-05
0x110fBEcE4300e6386Cf5C83bFBA1851e03626f46,5.241113775907721e-07
0x11220d0B280D265ce6BEd6f77A469DfE52231DB0,1.5024867339703688e-06
0x114e61172892BCdb24a293440758e33A81af56Ba,7.195989798698755e-05
0x11694fad5bCdF64E0727f48cB07A2284E2671F3c,7.5689631202039e-05
0x117706A09Dafa1898f6829371593031C748C0d32,0.002372784708042768
0x11855EAff01eb0a3FA3d976DF65948E2E3e40302,1.2411511721441939e-05
0x11c34D9C67162dD21273e8844c831f7B182026a6,1.0639518517872373
0x11c4c05B658802c62ea2BC67C4B3FC7dca1e665b,5.077809898164589e-06
0x123456c4C26155b8dc40a00569014Bd4940e24dE,0.00010197396000055424
0x13F86816764f722D29B345c6748f1D4E88EeB50E,5.117827192101978e-06
0x14975679e5f87c25fa2c54958e735a79B5B93043,0.053598373747404934
0x150E90bC93E1527B6d45dF5b802D83D575b76126,0.0004108891486828164
0x15b24Db69bA67bC322C3aBfD1108743Fe6886295,5.847116625838211e-07
0x16e25e791B5711d03D018d7942a5229cEf767A08,0.00101503443260013
0x173663768f973A1b707a4c4a228f700c6590aAC3,0.07000999574583779
0x1795C5d51eadd1D85482467d25dA72223c0D8413,0.001053863437734859
0x17Cb48a577A40E78A0AE2809D698F79EF838f002,0.0008495771334041943
0x17E8ED75D136969d1d3C2287d333Fc7E597CF143,0.00014859002724903719
0x18B3613eA91b9B6498DEE614aC6736cBafd31919,0.0023019062056986784
0x197cB82c8E7b3eE6EE2c4C4F02FAB80c6989497b,4.191628974547044e-05
0x1B8d35f7a865264ac197584f97A00182D802C98A,0.0008019943429979417
0x1C7e4135826eFdaE938fA13944A388f17B699fE1,0.0007378700823813445
0x1DBDc4196a0372698c9C9ba54c0EeFF1B44B6154,0.0008468481746197212
0x1EaFa35d4E5d11fdb3921968379FddD2c0F9023F,0.26160024100911583
0x1FBe7279DA134C53Fa521f5EE65891948e775e17,0.0007708826823834927
0x1adb5493758495dF95192372D7AA604E7095d394,0.0011379261260447914
0x1b0FAFfcdfbFb841B78Fc95B13E3736Bc7e1026d,0.00022962488959291718
0x1c69dF02e900f5bB3B59c23a70D15029DE4d988A,0.0007740971874459164
0x1e7Be61b2E0f8c6c1951CDa6176DBfaDdcF2735b,3.0547464539596695e-07
0x1f95b737929295dac6212bAC6A5Af82F8BF34325,0.007092003345919151
0x2066441b7a01BC29Da18ADa343B31d39B7294f7F,0.0006634605148748915
0x2175CE7c56BAa22874Eeb021c1270E6198059Cda,0.039952941670924974
0x21a23e89bf76a6093EcAAC516D09d852FFC11B40,9.672444719610956e-07
0x21dAcb0784D8635a7D297E9f3e5986cA45f6Cdea,0.00805560616095378
0x221a61E28CB906BE32EB13793A9DB8d331a3F145,0.000958529600861258
0x22befc741624beC72E7e239D3e27607abB2b5645,3.734476703353743e-07
0x2398D960dA9D40A0Ac3388aBa463C4eB069df515,7.659811704733047e-05
0x23B886AcEEb71458C96792ffd447352c277f820e,0.11892968416943701
0x240a69E8D25E2498e9Cc979520cc95b10a8423FF,0.0001863523974150822
0x24380d5a7c4239F2000fB4a6e07804a09597802e,0.0006205157456647855
0x26215ed9834389ed4BC37fE6D8e9Bc6fC739ea32,0.0009069145063962531
0x26ED116FCbfbeb9ab12AD8ABe1c4e088192Bae30,0.20913789747310513
0x271425EDf64d540d4872a1f878b2A79519B4a54F,7.74262861546439e-05
0x27887588Da8EcDad2198EF565C56F50a1E1ea6fB,0.030823445277887874
0x29A688Ca625407541bA850e11f484A1cbF9E4d13,0.0016589947332974462
0x2A87fa69cD3121f796267B83b14D299c56d35796,0.0006016041145789288
0x2BF5bBf9876EA883f2EAbb75824d5D31790D8D02,0.05462689121197385
0x2D006Ea90e3A6C42fe1e031A3800BD031Dd4F159,0.00019895494159917636
0x2EB479D3aF9ff5D1D6603c5Eb07f29B527a543b3,4.637014531475395e-07
0x2Eeaa7534aA31545E98319ed72827dA53264775f,9.203027331507867e-06
0x2bA51561FD13A995eDfe35Bba186436aAAf5c59f,0.00014360157245884317
0x2c5777e59c3344322639d81288Cf2AF002B37D0c,0.0006590516855052894
0x2cbCFa87aA570D72Ad7B376E729E167071F1cD33,0.0006497971699300113
0x2dd64B1Acc630038ACFD658D325772139AB2D04b,1.547399445417641e-20
0x2e89a9e33FEAe350311C943d8644b8288270C99b,0.028848215090052268
0x2f42D303b34c29E1F3FEB9CE5d5355f1e101f99D,0.004278173442015595
0x30E956259f2CCa42F870F24b82fc587A93b95640,9.338792653324963e-06
0x312E80bB497f5a399e01208C47360B531E34910b,9.388730082054673e-06
0x3184314D7F2c50558c4b6b3e6f1226b512e70C1A,5.524803929604717e-05
0x31a79C7f44820161c645115Bbd2CE96Be9336b3F,0.019273527664201304
0x329bcb8E3B4447aF63c5D67A91CE5d2591CB5679,0.07266860755104759
0x32A07EBC217e372c4BfaD0009025cD7FF73eBe81,8.822176413420155e-06
0x3367A005c2bEf54f2836a616ce3E4Fa2d35910da,0.003131428878238461
0x34597D74bDe978c33f7a011C31Cf5ACe4aF90471,0.4501619917408278
0x351886b6A9f416097eA812Fb424ce8006dc7F6CB,8.770164428143528e-05
0x3597c57789289cd6d0621E82684a3D1a5a50Bc8f,0.02646686296613737
0x35a72a37399feBA5841977cDF7f75E5487f574fA,0.4711537361473841
0x361000CD32E17f7D19AcEa4D4936DA187255eabe,1.6947020891067893e-05
0x3660dd61527924fD3Ba6f6df45a1e78f1497fcE0,0.00017761241175838675
0x3699f5Fc6aE4E68cA96e8A7ec7e94a443A7C974a,6.524743031303225e-06
0x37037e55D3caba765AcCcbD66c7D5F3112523d95,0.000726986066985249
0x377762B549E5126763cc2Ef18a20B804B921c2C8,0.0016362570407457738
0x383F42b5De515C564641f65f5da3BD8b4a35B4B4,0.09650112922155538
0x388fc1Ec361a97375f8d5a5A68374a09bE62062F,0.005525976185459669
0x38F6DbFa98F8DA4Db41d534Ccf6B852106f6F76f,0.0001708702342537156
0x38FF954734ED089e878025Eb8FF09CD7d726E76B,0.0001045789571609529
0x391E7c51A8F57fbad8320cc9b3C95D2AC41617c2,0.006981555281844645
0x39eb42F063fc1b2D29f069c109A50500557F9F74,5.952351439377017e-05
0x3A2a0cCDE7d5dAb8b307119A7b2e02b1746F3B67,2.6699567948359326e-06
0x3Cd766beF8c02d9B966f7ef10F1caD782f8C6D85,0.0026533656340765404
0x3E44C6cDd5a96bb17fEFf7Fc4C23a08ABa4292a2,1.1183329175230173e-05
0x3F06B60ef62378c7C31fd6F448015Ecb83Df214a,0.0038818859082019215
0x3FCc6d8FF848cF2e4347C3576B504a1d5247787a,9.278888323664636e-06
0x3b1bfabC9cfDd6470ac963D1AeC499C556B13337,0.0012400532592922058
0x3be8143fDad23de195165C1D5bf5fFD2A943b4bC,0.011471875387713668
0x3e363BF91B67E1F56b7F849D04FE0d1aa73Ea563,0.00044541500921762526
0x3e6EA1fFA2dc86a896BFBf209CC88490822cAB07,0.00019585250178039162
0x3f1a483AdeF6c73C8dC433B3A48097aCDA660827,0.004948275906259241
0x4039f475acDbF6f60F16e2F208Cf732ae352513F,0.000292103404725139
0x40673a23a4c6f3CE1b34A2caa6B71e69620795d3,0.0010484197773037753
0x408cAD2573EE786a3d8FCF0367FE46d37728b5a7,0.0019156654054086368
0x40c0771F1AD6A3bF551CBBe0436716a394847a44,1.7227205265386163e-07
0x411d41fa6bE15967020A016876891B254D7f8769,0.0045499552350902915
0x41D59AD9264F13Fbe8751c1C471681a26fBA5358,0.09251551956213282
0x42F2A41A0D0e65A440813190880c8a65124895Fa,0.00550246476085838
0x431A71c09618440B7577975a1Db3C5E2687A57e7,1.1726832261287312e-06
0x436d1c9C40f48893157B06BcE0D43875a0eb8afF,0.0006261638375791585
0x4440e55B1D436c56763eb7910265bA1293d944C5,0.0007984534162746948
0x445b0b420E9102d92c7F4F7c7233c4305663e43B,0.021315689846034255
0x44F6CCf0D09Ef0d4991EB74D8c26d77a52a1Ba9e,0.02697261071457412
0x44FdC6E37d0D5a6f58b09E411465A8e903695670,0.008209516699040763
0x45271CfdeCDe4AAC3c9A4e84D4C0eb1134ee678c,2.287615542287859e-06
0x45C51F060Ad5FB033150C4eE1C0788843daFe80c,3.2799222896325075e-06
0x46303ACFf80d21A58514BE9a7443A7314Ac4604E,9.952107847478935e-06
0x464a3d37a118Ae61bF28dd0FaEaAd73579cC334A,0.002101300012544616
0x46633b491C0DD7b245f47dA22855F33FA20a4E06,0.061260368447800126
0x46B4e3eaD6B1A08C69fEceBb7888540D1508C16D,0.0036314039032960123
0x46c0F7095B78C69499dCD5990C5cB8B950Ce21b8,2.894748474012863e-05
0x471eb1312a93c397089FCC569e32ac887fe1856E,1.6536664112223746e-07
0x4812b9B7a86b52e469434bD072D8D295D2BA56eD,0.0008894577600141195
0x4847F56CC71DF03DA34a99b38Ab49B5379126192,0.02412108792508592
0x4910771DB939F3812212A5bCbF865214B46d5f1a,1.3309578164370207e-07
0x4928dddECc31F448A8ec850685BA94D270500067,4.2688535836882415e-05
0x4935b49FD587CEf2b2116f99717C0a57774A83eC,0.17028185568296023
0x4943484C29775aBb54E672503f409bCF8aef8416,0.0018652442689186112
0x4C894300DACe47361F6D8c084F7295A2c26e094d,0.00023407212019522253
0x4E691ae74d3bB40A971ea321990e4ea9eCC33906,8.504883156157152e-05
0x4aDf9B737aB9C97F5728cBCf143483Cf6C2F7df3,0.03463492661713898
0x4ae1AC36EdA71d31b01Dae5c706d1d741509b124,1.5293432290441029e-07
0x4cd1F8562243D8715aCf220F76bD7d41243edF30,8.490978157968503e-05
0x4eF98c25dF87Acf04455bc1ffa23102E250f7cE3,7.477656772593704e-06
0x4f4FAc853589Ef034aF68C42A7F14408c208e49F,3.8441486885585285e-07
0x4fcb2161e087F3A4153545A25304Bd4E123A0e07,9.527541464783236e-05
0x5022F13ee9d464362a7aBb083634174933Db566F,0.0062688987004328066
0x5134FDe57d5cB3d4f1E748f8C91650105E58e262,0.0012598917401950352
0x51612825f10a9fEdA69224c217E3674d50f770d4,0.04194235102970223
0x519a725cc17C8BC9c475d344ad959412d391C872,1.0472849780793397e-05
0x5216f244AD97E8A99ce8dcD84Af2Aa52d281cB33,7.441018128219816e-05
0x527e18BEDD67D8B7e796Df6BB3B1e767259a36e3,0.005199939982786647
0x52A6cb3E7820c209B5869476084E11c33231ee77,0.0016510462925051783
0x52Ea1a4f963Dd1a17ce0aEfBA41e1fdcd8979013,1.7726102582192337e-07
0x52F706668b8c4ADBf163F1c465B941CCc1229Fa3,3.2735545153283414e-05
0x53856c7e3D31416366D30D65e80640590fd789C6,0.021317576466987936
0x53F7b86F283395f3193417c040Fa9Cf1462905E8,0.0006193031746997335
0x546b199010eD02Ac85E1a8cfA9e030A600868c8D,2.2447394570921895e-05
0x54803cf2B089b42A41689f78228ca0e467E2A2A1,0.002817214326860647
0x54B3Ff56f75671d91d85d44bccEDBc9179e09afc,0.06996662804722256
0x54C75CD759a48D05768508792795e9C0C41dEfbe,0.01988099047145068
0x5500E69d58D8f80B236C8A72FD52C538a5D5237f,0.024293062527394417
0x554cD101A893006D1d4FAF472fe5aA03d207dFAc,0.011667763049174417
0x5550E5c7673bDb013E72b022267210Fdc2794e83,0.0006404134792952216
0x5582c68899Af022B2FD27e46e70451D8B9E0164C,0.004972427098721496
0x564B1a055D9caaaFF7435dcE6B5F6E522b27dE7d,1.0526358326108828e-05
0x5731f8689A94b582Bac5f024a4A3B54885E2e199,0.0010453630149234948
0x57BD43924170925Cf80A6416A2ff6026F7e6A590,0.00010901843262325985
0x57Fc5d089F5aecF327b40472BCf52F52CF31928A,8.605572984646823e-05
0x57c908F4A100217De57448fAf92d832C3c566F03,2.8475936955971143e-07
0x585214216D3524D6d7E8c59921d0706ca49AAAc2,0.0035423434094903434
0x58CD52925A094e55955C8503d6E68F2Aa49f9488,8.374032175217012e-07
0x59357d47DC3be18177424bC3c607F083037a8c5A,0.05505379304599585
0x59aA263Bd6F799065baB977Da25AC2080c5120eA,0.0006847514760512618
0x5AbB9E00Ea8bA5B4CF44a2800413301FFD539e58,0.26609185430622334
0x5BE8aA7b2cE96c8890A4A384d26dc241e9eE507c,0.0012072570598476336
0x5F616D61c593D94Db743E81048520ed0c1F314C3,0.0032932610012501285
0x5af32DC14ed954d8CCA1B9B8b113AeA23a9cA91b,4.336323881372407e-07
0x5bF35B1AFCb8c7a2d01AB924c709206196C8ad3C,0.07045966126629094
0x5c0106c5B5016eAc628Eb1B79949DC5d62471287,0.0013472362468742235
0x5c92F4E87d8216689C2eDAA065D230d596341c5D,8.152077679625192e-08
0x5c9C6a11094835f47Be940Faad702985489e4De8,0.09408748997338531
0x5cA6581424dAE476B80E76bba307de462062b8A9,0.00016833374391519404
0x605E39D307BAD8c70F0124dA9f604434d8067488,4.1455794698172986e-05
0x61126D102837B8e7ab00dd14fb8D57Aad8C22a5C,0.0006687708420770786
0x6152196b965F03A339d04D122Fb69fE205Df8f56,0.0005543447890158574
0x616C18B6E555C62570fA6A513637c3135Cee3871,0.028238071249112765
0x620B0aBc9d86Df520AAd3419655E467fB59796DE,0.0009598017086816525
0x62a7388f5FdB32Ea7c87DfB647E224445865477a,1.0142434107336751e-05
0x6381101a1878CBEb1E6103fbdaE8f24755510B1C,0.00018255789799855317
0x639335aeC3d15e82DBfB1B961838943fA71CEDfe,0.0001797861840703737
0x63f6c669168d4618Fda81995cfe9A5494712B920,2.2514773802477662e-05
0x63fF71A37D0C732E2B8E1777E38D79c1307BFA9e,0.0018072685746570575
0x64508B9cBd89cDD4063E95efA632a3907d2e9dFD,0.001592749040261993
0x65331fa9893357A3c0459EAbb7866bAbd69C376F,0.00053375983409576
0x65388b1f20d3749ed1942Fa1C8B64FCC7B6C671a,0.001425982891096996
0x660Caf41B644e029aC9bA089430021b1B38b286a,0.0014156703955518276
0x667095e1759C27C45e0B495d7C0F3Ca1323B9B22,2.7678746180804006e-06
0x66B0d6cD3A7704baEeB42A78122311949ac3B743,0.0013907518164718593
0x66d9AF69E6845E8666f355676a267a726c04Ea4e,0.1666206850143421
0x6704B8EA18D00169146cF67caE83C93Ac6DDA482,2.764394365346948e-06
0x67ee3Fb7F3F568c4D8C160212B3530F2744E562b,0.00028520994415383576
0x6827F4be9a3D873157887dEdD5B01665EECbceF8,1.844877766029588e-05
0x686d4ff132b4f4ec3Ef52363b5b5f5D21559F8C3,0.001692157982012485
0x689BA0d5eCc58f27576Bc7CcF0c1fFe4533Ff898,5.050245306098964e-09
0x68A905332F0eE5aaC912068A7CE1F5b7B94d291c,1.3378475814192953e-06
0x68Df6C111a72A1D8A16B74C1Fe7907B8870312E1,0.00023807773209421587
0x68c6Cf7a28d3d1152d1A7e0eBAD23DEA3bc3d70C,0.1076975184106358
0x6957D2139d29E7DB7913ac21e813f2a561E47aC8,0.0021654112499731827
0x697a665dAC6E488835c881Fa9f7aB0c42B09BB2d,0.00017462005872030082
0x6C839896E555191e0fbdC5Bcb6Fa0f22496Db1B4,0.0016921892883967012
0x6CB096071525700c141dF9699b0780EC608a37D9,0.005090588635250388
0x6CCe37b17Da8884A2F336c8A29892aB2257bB16E,0.000319152421986293
0x6EA2608f3685eA5A5865eDc5edfeB5d0D44EEBe4,0.2801392168017182
0x6a932c37b284c037d4f77d3bb9F65A4930bfc17b,0.001692143157943543
0x6db958fcd6799ED7eF8A201192581d0c97A139F0,0.00799991108810532
0x6f0cdA19f2f7515725bA8962aA37CEC82fABa99c,9.457848936048706e-07
0x6f9BB7e454f5B3eb2310343f0E99269dC2BB8A1d,0.011087020016485104
0x6fE3B82450438DC01aB7a8A5410B45BA994ac1a6,0.00015269470863673817
0x712b12b487a5EA17C0043cB09E6fE83d1Fc63c6B,0.008870396614758864
0x71380dcF3506B0DDb49fB45762009aC503a8712B,0.0008682559661841267
0x7208003EdC78Cf0aa2D04564548b537bBD64379e,1.6936334004816875e-05
0x74630370197b4c4795bFEeF6645ee14F8cf8997D,0.0007973015224019814
0x74A2756B46c628F5790aa2caF9a809451f677cff,0.0005711211701406755
0x74E727C6f53908b51923eD40f93Dc8e5bb34e6A1,0.0014583476253234838
0x74aADAe2c7aA9321314A0A6F53a70eda5ebe103a,0.00017877027174077235
0x74d46A0Bed0F773cf6e5d58267c2C2ef8cb49fF4,0.00014452182586545262
0x758091A94B7904d982ee5b6d85baE5ae4aFDe404,1.2432930392772186e-05
0x766AbaE0e7b90509CdEB0f9EbEedD95Fd8c5E5Cb,0.3519012399762004
0x76f6F3C74716D64496c5b044D296F8a88024F700,1.270248744975694e-07
0x77620648CF8210271582AF06D45c99ecbbBBC919,0.09501591143288188
0x784c3160d0EcAA39E47a35df7beC5B2F02134c1b,1.1977961959178725e-06
0x7858267C70a407d7105FB12A2EddC2FEda90eF4E,0.05859589602378515
0x78763F2c07749358DD7f015616f58D35c70C7870,5.894546293813653e-09
0x7947ba4977749879f06c25382D6c6b214c0b8D45,0.0002962775298980047
0x7B89fF59d88675a48F37f54E7Bd1bf530d0344Fd,0.0019664029834751905
0x7C6082AB78F8abF00b3E3D326dc97628C94c42b0,0.0017631794232175714
0x7C6E50F2a158767A817E31986783d40a5F0B6805,0.00017164148277393375
0x7Cdd33EC534Fd8F270C002eF9dB3b34f7e4CcaF3,8.441161610831645e-06
0x7D3F5d9e616cFF162Fd78Ec1cd4caB454340C26E,0.0155295483265971
0x7D4999517BF0BD719796F388CA37bA3288A9B7B4,4.0798747344562883e-07
0x7DD75F3C7016Dd27AEEB29470ae997E8E60F6734,0.04849165569544153
0x7E684Dd918aA62Ca0971841E8A5CF3267D155Aa1,3.390454377592867e-07
0x7F3cd74e13686FB333b03416C4BE90412F070e7D,8.549755153406497e-06
0x7Fb0e297Be21a619152080343E42D2a2c7Ff1Fcb,0.004364108342390862
0x7c5d9A926C25DF33B996F9Bd3A3a8B53F65CBAa6,8.75117037413108e-06
0x7e1E64e423F71a74fEE4EdC08d542279FAc044EA,0.00015071362080665174
0x7eF216afdF22D1B336169a0C4bB7b5a531d1E528,0.0001566585509915844
0x80Ad7547D879AB0481Eda439BF0514e02B0Cc2b9,0.3049078287137866
0x80C0196F23Ff1644B233Ef7A1Cc7E1B66Eb2576f,1.385744748881486e-05
0x80f11Bf63404ECEc78B91184Ab6fdee234bD3501,1.0870098695343355e-06
0x813F98977A00Ca98b453E3D963294BEF326C40dD,0.002391648426089182
0x8175732F812aF3aff7cF5f73dFcF947c9EeF279C,0.010321324478936878
0x822ecBAf1abfF1840F684044bC2dcE9D1452DEDB,0.002718401001423674
0x828E32e629B887Dd4bbF388e4b42D8392023102B,8.79473622161481e-06
0x82B598624540A84bdF93010D4d1D19f0FBE78FD5,2.483120066291716e-06
0x82d1c8ABc2Bce286C1eCBc15da7be9E91eef8B27,0.0018508744729922844
0x831Dba031094F3021b4D94366a91a30C6E75BC5C,3.9901979323921335e-07
0x833e454F3D9609E818148F02AFe20f5C3b42941f,0.001048156949788104
0x8371Ff8bB82d7D4b5Fa542B8372E6F60C83ad888,0.0007862299043469537
0x8488699D75275C3004b0Df7886dc7215e556f94e,0.00027736100709751615
0x849FDD144d598525Ed9c699f614E474c9a6bc99D,0.012291779010209308
0x84F14f17bc7975D1D359d2A64Be98820e919650b,0.0008703423559288436
0x85242A05647d9f264c6BE379dA69fAFaB76A8791,0.00010397246303651614
0x864CB6fD296b69845d2b6a1BE0E7CbB8028Ffbe7,0.0003225022600222171
0x8709A1e4CF079f49e918E172974655Bc124E0665,1.0019834710427288e-05
0x8793Fd326c5860CCfF809aF4C1b6552dCB710cd9,0.001647768766832106
0x87950049c98115095496c28eeB8959d9a4eA9752,1.3718238639907833e-06
0x889620a7727Ac08DbBed387D690975d46E72e4e9,7.94409370850455e-06
0x88ae69A6a305d0E7eBbb69D66c1710EC5adBAf92,1.7360787668276785e-06
0x89FEe8E11E2A238579fB0d59f5CE1DD90C85FE15,0.027043253752649894
0x89eAa010d3e45A36D6e7200D202905bedA85aCa1,0.0013176239502623182
0x8A232b99eb62830fA148780c58662d6822443742,4.4065837853578044e-07
0x8AC3727Aab1B33F90a1C6be714D8738CA9f32751,2.7588647707737725e-06
0x8AC96DFD4CD02155f1248BF745437fAf43F3C962,0.001062749456132819
0x8Ab04EBB471412179DA4De5B9a52930506e867cf,0.03071562997490433
0x8BE4Abb086E0d7A5056E46B4a3fC31c02Ccb2C7d,0.0004558338633711373
0x8CBFe6c010c3D4Bb02eB8495F802F763C6c7ce46,0.0004461917753115297
0x8D06F1D53a8ce5e278c18fedaB702d3cbB6DD93f,0.08077860633808759
0x8D8D7e9D8885f009D4E58ce96De1448A15aB3e9C,1.1307584755588843e-06
0x8F4D19f2a90c08c300A4971EBCd1AffbBc0947FC,0.0007207238526885739
0x8F98B3ef30c6267efE987b8f20804B9a8C8b5ae9,1.4058426548731545e-06
0x8Fa625616aDa0E4B107afC16546f5e708D849B4A,7.751212840604142e-06
0x8a487b81Be516430A27752631D84F59870ad796F,0.003389421913416037
0x8a912168a91FbE2dcFafBb08d308366269705111,1.0287185583052903e-05
0x8a932615AC579b7fe858BcC6711F5f2C9e53c0cE,1.6880282058494312e-05
0x8c2FE7bCA33e6f4a32F82891aB8e7e9d26eB2af9,0.0015070315637813704
0x8e310b641D87365cBF15A797868e2e3f2d35e564,1.8356765792609516e-05
0x8eC7780D0FF27be3623F4237FFF98306Dcb703D6,2.510227191089366e-07
0x8eb408169a3Ff259485610DCE1Fc7871FC53622a,0.0016429965599606328
0x8f1209bd9b15B593f4Df37874dF95715E34F4883,8.127335948093801e-08
0x8f5e97E1E3d47A2f223a67e06de21F067B7779Db,0.0005317809633674167
0x90448611fb598c2b2aC9Ef31b01FDd4FB9257bd6,1.4647543722469804e-06
0x90eB355a85ea5324529224945bB55F1960dA1b47,0.007174104680339376
0x9243130D4a0bba28D26D6022B6D6b93bd6556669,0.00403497408511456
0x9249EEF0FA528f1043aD663E962Dd808755eB0ed,0.016758487724135584
0x924caFec4F967BE5df085Ad94d8d50574F9a2BB0,0.9911120252411946
0x92543dD199303B2760e6bBB0a54BaF88A2c12dD0,0.011181003353396264
0x9254BD8862aB91053ca130481A08397d2ae47761,0.00026369434117247837
0x926ddE171F4d09A1fc0770913fF410b0d46733a1,0.0006571037666201164
0x9282fe119c18b600053399DD608f374AFD0D218E,3.1630324907845947e-07
0x9599D89ED83e6dB03D57c004f858fF82228604e4,0.04107621881655364
0x95fdcf26B654Ee98f1888245555323951c34A629,0.0014192210946161279
0x96020DAE1baeC71051318b14F31ef6EF50D21A23,0.00017141347032693593
0x964c144cBC551CDFAB1408e2EEf7da5f76e6587c,0.0010216136741648845
0x9829624fF03A180FCCc3553075D4032fA719b039,0.0027698787517025647
0x988D1C4b5775AE61532562cCE30cA10CEFbebb09,0.019642421907703756
0x9948A30B6778dc0db6F08034Cd50381c1bdb5670,0.002293285498446556
0x997938C2cC1c608f801e2c0d884e1eaCA2aD31b3,7.713724994128705e-07
0x99E9aA81206691D012341BC50AC33EDe891569a8,3.4901055596427896e-07
0x9C9E62812B4B1a82e68CdF038398BB239CCe3f81,0.060012154611805084
0x9CBAe8c52578e8fAA3D50632057F1e0A7d4411d7,0.023230763884852883
0x9FF401Fc096cbFdEa0B6A798880BDCe0fCef378b,2.2122070056187932e-06
0x9b68Cb6AFF0a3B6Eb591e414C653737324D80485,0.007909400679214963
0x9e0C163c5D07AE90c8F805165864D583bbAE6b17,0.0061508501157514165
0x9e376B1544369f0A8DfBe5e6Ae3928c01ea4A364,3.87548114780317e-07
0x9e65A68B05d06A054e07dC7060ec2bB8BC2B9313,0.013609905930270451
0xA0A71B3E3A811b12C69240D1C97aE2589b8De621,3.199731374670852e-07
0xA24178CA0175f4Ef0CB6ec24349261E60059df06,0.00017048125183033276
0xA402364b61D16e8C4b9D683604A9a21e8f0d2967,0.00015900310761236803
0xA568ed60ACB861fCac630af2696A40a7373603E0,7.800350919891563e-07
0xA758e38Bf55601ee5afA93E3B2259DcaDFC0458A,0.00024147544556641552
0xA7Ed768A235DdF03b5c67E30cCD039b4a614a7e0,0.0009934396473545448
0xA8fC3E362F3E5d3B03A0f670703A00518F950A7e,0.00010336019981158721
0xA99e59B7616426C44Fc063493B0356847a5f353B,9.269029578992383e-06
0xA9fc884430B4D28253ef198c9730F65B2062549C,0.0005864394505268885
0xAACABdBb1899D64229674B7a0C85C98B9be75E3d,2.0264717305837365e-05
0xABc5157aCfc5D88796bedFE65Bb87C9dDCC979C3,0.0022574180507918375
0xACA529911F370CB5CB3A35201BDcab7f02404e53,0.00039827863748818275
0xADa8B318099b12c04d32E0B9e6a0A88f2Bf2DE1f,0.005215471566685975
0xAE786cB1fb10e6f957F7a0944621F25313bEBFfc,0.00011900434951807178
0xAa220F5FE777162990397F714C52ef5F2D3F564e,0.0028036709108832875
0xAaf7f0b279E17D6C8b4f3cE18bc71477E1248ca7,0.0003787360594717189
0xAb24862fc70dfAa91d67Fc465C2be8Cae2e9fe02,2.6073805581144743e-07
0xAb595a18366454608c3be0babD8D96436d60ec8D,0.003995034657664648
0xAb9B533dfAD86FE5508c2A74A1A806fCe8b723cd,0.06997872083138709
0xAe919831aE7C3BeBFde21Deb2bA8BA421c1319CC,0.02115068384671001
0xB1B91C68c62664B33c71dFc6a8714E19B65CB6b8,0.0005671904562807245
0xB24D671F0C7Bef757412897Ef60013040185C6fa,0.01859769004566054
0xB6C6a9b974b764c0CC173ACB0b10B4624376f1BE,0.16092176271449024
0xB7e18f7ACaea9829fe7D3e6339bC228Ca81C216f,3.6335617320437322e-06
0xB890Bc6B809b45E802847c21C1e2a40620DE1a0c,3.440181101652745e-07
0xB9b98205F564666f7B432b942642e45d23acd5D4,0.006517843996498074
0xBC46dB3CC42Bb718960BFeF36E2bd0588a012CF4,0.4720833750098562
0xBC8B74c6c89734E0a26eF762F1193975c8BE64AC,0.1767110845534245
0xBa0836B99a6eD258D5f483aEB82Cf0F5049e5261,3.680813746820341e-06
0xC22B62a5658596a55e20B2b63Cc0D67a21b5647B,0.000986626907167329
0xC41dC060FE9BEa2b83550B23b3773906AdD59083,0.20123318555622477
0xC42DA446FFbE7ED49D9C1cF7530A2fc58C0c6f50,8.815056327179834e-07
0xC48E7F01493feb0E1fE4095AaC3AB6554b380fa0,0.0010005529893143603
0xC562A27B4A36C9475bd4d4455a58883D7C0C6550,0.01246063048635372
0xC57342BA7739007Aaf6338FfF45257CbA75C04B9,5.773481860948259e-06
0xC5fB55E213F56028d95197874ce87f5E707e4fA5,0.0003488145985280337
0xC6232f4fb1FcA332feBFFd3dE6C29149D3aB0BAB,0.00019108459138658277
0xC66cFEf708F49f4171dC764b25F307e770e19917,0.22022607246397222
0xC678D67edb134a1D22a15b85912b5B3b8a56116b,0.06496671984153324
0xC6DDca4b715111c210608AEcDfA88cb4031b9690,0.012924192004536896
0xC6f0F6E69b07Db21aE188F10ba4d71De234c14cC,0.008036972816939984
0xC6fD3cdc512B862492008FaA84e4847381BEe611,3.674015984311769e-07
0xC85D9793B53c34C84A2DAf0d1de1faFc2f4146E6,0.00011495255418988358
0xC8819500EFe456C328977D2aB7054CF629BD68b0,0.0010627438800804253
0xC88fA5aB592d2EAC7350c6444CF08012f6d22357,5.516511951759654e-05
0xCA0073964efe7f9422CeB16901018b1DB0cC4785,0.0018224170853529825
0xCDb2De3C7E3523F943904bdaaB94E316853601Ee,1.5272649552061114e-05
0xCF24D489f0Eb3ffA59566C1496987579C8C18702,1.0813513705705264e-08
0xCa93c1c564Bf5a4e8dCcA65CE80fbdf66990927d,0.11730850704251099
0xCeEe5B2f896AC8b0c6B97ff48A3F0A2d364d9950,2.4934620890360717e-06
0xCf33C47119EEadD6ab2A84e9B43981983A6ef715,3.2946333401687635e-07
0xD0Fd9bc9e8C78136db804fc05377d290149dA5dC,1.1516610630081254e-06
0xD56805057E1a563077141157FA9C24A10e191b82,8.122707152456677e-08
0xD5e87F1f003f222188CC8c5aEEfc8B285738B7e7,0.0008884248738872803
0xD6F7A0153D1486Ffa70c34FDB4275Be4745d65cb,0.012173355252890466
0xD7fe48DB7A132C7A6f2a05c1b829a16fA90134C0,0.055210769396258616
0xD834839Da5f1A49404270B231163A8fD1dF1f94c,0.002164685155726447
0xD9b49a81ee72aF3C026a2C144C9Ffd678A78C8b1,0.014080328846627143
0xDB8C37EaE19600C24200AB297DbA7F054E39863a,3.710216263213374e-05
0xDCc2675bbE4D931dE00da054C62eB9FCff2175A9,0.031181244859247604
0xDb21Fc53b0453DDFf7Df8b7cCDCea3857753c375,0.0007543450649295776
0xDcc5b9BA5aB98DC38477831Ff359d81f911423eb,0.0002517224596660789
0xDe4b510b0b53fb18f191513999aEAaF951b629cE,1.207778307373772e-05
0xDe91e3E8C95F06dB4C2EDe6CC53cB7d9d950fBFD,0.000358695429298955
0xE022318287F872De6ff7c79658Efd87Dfdba8d13,0.00870166177589255
0xE040DE042631Cc128Da61943B2eb770E0fF9C374,1.8429193521227495e-05
0xE0743df3aAC45Cc748adB6c5497bB522995dBb9e,1.4833586922066129e-06
0xE49464e503b3A5E97765E5e54666DCe2A828652D,3.3711740925259223e-07
0xE50f416a9aD8f0F5c27812Ddb805c23D51b8F5Da,0.018629434056301155
0xE558432aC48aD078888AB88344afD8bC6A6E610b,0.001304310304062361
0xE6ffA87db42d068eAA9C521FE18D99c8e256054e,1.7778403853554526e-05
0xE76f1230c61160206306CB55e524d5843bAD697a,0.0006530901769299424
0xE886A867da7ee4452eeF4aa1Ca23522D7B41666d,7.879177307375604e-05
0xEB5e3015FCDbD7816c15885fFbFe13e6e4892Ce7,0.0022676205108219574
0xEEe5Eef2ccFC3CE17F5324E53a1F58230DC87044,1.826284919097821e-05
0xEF023554e64FB3Ab77170C335ba3b2323435d345,1.6992741879562485e-05
0xEe9495F6F6Ee548C6D441c366a7021A7beFC4aCF,0.00015598678919828853
0xEee0dC32a54eC46255ee0080f24AaaEC5BdCD90d,0.0007518330461157578
0xF07CdaB23124D5cF2897EC460d691C610103A96A,3.218315048182361e-07
0xF17135dDde942EA02BDE97eBE530557049265D40,5.264024237742137e-07
0xF223b05A0C8AaB4F3d7C6c16CA2865Ae034Ebad8,8.797943202310528e-06
0xF23ACCc545d8f6639F57FB3611acC5694Bc2cad3,0.005774717478495763
0xF2E2E51365489142228BC51E1C8FA1631Ea9963f,0.00020075623895077682
0xF2c4E90b6e730c448c7D3e1d6eEB849Fd14E8569,5.238533853200008e-07
0xF353693c7CE0d0AC4DB73Aa3Af54BBd43bcF4FFC,0.005206797506928928
0xF359318fD74E35e89B34A56D33De6B6cf10e8C30,3.769714975219569e-07
0xF396923a852Cb675AA52604ECD6489385dA4b9Cf,0.0069363485583152406
0xF43537c17f3b23212B3252C9AAf03A46c0817428,0.00017971493931536196
0xF48609Effee28F595241c1bd57eE1993a0ae9617,1.5792955062104712e-06
0xF4D50f6e1eF5c92771Da9086597523e1071F3420,0.0006731194084350643
0xF53D81D9f3A1465df9AD1b12ddDB5cC585D96877,0.004876059958491124
0xF551E2b4F6671321c050C155b28811B20e0D2F71,0.00010072187316780722
0xF5D21e5a21b9d2491fc7E397E19b42700EA53233,7.238404167994509e-06
0xF6612C6Bb327d640Fa462136fee104819f013034,0.008225523953447427
0xF942457b49E10D4BBde841D93903cd707AdD1637,0.0007350373863713766
0xF9d1C005fAC434dE68c6C96eD92a57C7464177a5,2.843253414469521e-06
0xa0a1Af2C00F5a57a255393dcC3BBDEA4641A45b5,0.0021589589099450606
0xa1B77b3353d7ec3B9B8cD87B1450DBaf00e7BF8E,2.380068154615602e-05
0xa709ea5975bf15038075F6ccB65Da04cA8319540,2.677907688212895
0xa76f153ba0169006F267DBFF562f7C33e76D79d7,4.636007446056924e-07
0xa79a356B01ef805B3089b4FE67447b96c7e6DD4C,4.6913334664555695
0xa79da05566eA8ffd181C45EFd6f484616f6EaDef,0.0016464884213055787
0xa81143b0b90077d392dCE6FdDacCfEd123289095,8.858371906105176e-06
0xa863EB34EC473Cae2ab017c804E03318A2a82e9b,0.0019535315109922863
0xa93DFC2B32715c5809fd14c347A8Cd123E74C2e7,0.1482019946933073
0xaB3111B6c49c7171FBee07b4794ef7D61fACe5a6,0.0017368574141085674
0xaB874aeFA5407893953937bBf4AfB3fcbA17Cb6D,0.00028967431680135687
0xaC8c1B59102B09eA43A2F38ad9EDbe62B89171D0,0.000430140116903105
0xaDFaD9DFc36a22B45E173162588e474e2E37F630,0.002451900168808835
0xaFF52EFE7d753cD1c0B15014b5023eF86Cd1f5b5,0.008629575609860518
0xaa8018139AB9D025B91d33778e2a64888B6d6dAD,0.00016611232561945417
0xab284DEa32A842c24239D8DA6683335d6D5596e5,9.285208136163969e-06
0xad500EB3Be8622B647B923c00dFc66577d7213b9,8.618653937017346e-06
0xb0e83C2D71A991017e0116d58c5765Abc57384af,0.13678620603494884
0xb101b2b0aa02b7167D238B98dc1B0b0404a760E8,7.468616448323326e-05
0xb29a63E9De0a060bB30Ce96Cf1b2c9273c2AF070,0.012816279984111136
0xb29c7B7F0cC97E6867D6c4deC3aA710B7f24A327,1.8552248375033636e-05
0xb4D502361a3c6f823EEb9A99Af09E110382206ee,0.016579903123130544
0xb56e5a9c68CC45Eb7CADd540e5910cbfB61F870C,0.0020501129804364154
0xb68B5e9dd57ce705E0c6C85E2aB1b1f8576E149c,3.692714634273902e-07
0xb69d7F30Ba4CDBcbd6656b4fe3E079e0954D59B3,0.002341312881302616
0xbB93a14fE9C25812fda71715FAC8421136a3A226,0.0014802763112979338
0xbBC46F50455ed8eB7f7e0189eeb91Fc7796F0dC4,0.0005828907480380232
0xbBCd5364923972a8990F99D744f649cfe0D197e0,0.022334673119835953
0xbF1FAF4602fe50F26de0AE7848165C93dDD14076,0.000595137926910233
0xbFA3c6619407cf55110DAf67059Bb94BDBA27710,1.7049331480090602e-06
0xbFB3b32075300d4Bc426c22eee6460A25c359b8C,9.30591600055509e-06
0xbadC7D4bDF5AB5Fa1dC4C41c8700D434e27dC041,4.1095576732247175e-06
0xbd032d3B518DC5Bde8f70eB1e4ec7302f754eD40,0.0016445344782892149
0xbeA5B7A623217F0d5244CABed66bBFF65e55e8b6,0.003118666742783519
0xc055D7D7C3b3592f2b01ec00edB4a7757ceb835e,0.0004682812095892099
0xc06910F9f38029A4782F8f1833445f3efbc1a002,4.4424320926665885e-05
0xc217F74dE9aE620976381BA42E8f4565D2B79e74,2.883095717252905e-07
0xc309151865A7493dD51F611b27D7D5B0323B240E,0.00426891667806535
0xc3a427F7Eb88c3421f9a3039014E3496739d4798,1.47757613209944e-07
0xc637cc474A1a6977E31726AEa927Ec0639f16590,2.904732341146994e-06
0xc64844d9b3dB280A6E46c1431E2229cD62dD2D69,0.046200396958875664
0xc7e6DA4D1373BABa0033A9799470b3B4900f338C,0.00915526931631565
0xc82f989bE8Da05efd3B9EB9BB817140E313642c7,1.1083025648521464e-05
0xc86d96dF79B582E58A77d777b5CC1C3CD7F93E63,5.2594501042282735e-05
0xc8c04B92a6aA653aaf72AB65d626AA70b0700b3c,0.011943889590463126
0xc901324CaCc1B1D31013fAE175743Ff75844D0F3,0.000545849310640574
0xc97Bbc8158D213103B7091113CEE499Dcc9E91bD,0.02088744166774191
0xc984E1F0C91bF40Ce023C385a823D7FBD6A043ff,0.00015765073040770465
0xcBf08054e37ac49650539BA836bdB68a09f43E1E,2.201100984002856e-05
0xcD556A62E1037408cC3B17BAaAFcA0D09898efcA,0.0014675404252205918
0xca2dba3fcD3105265E5a7127016BbbF9bcd7b88d,2.427645464483898e-05
0xcb5686E215763211a7E2c2CE7FFFf95B403f5d71,1.6941411934742457e-05
0xcdBA605b7c58bfcE7c1B742F3641a61093976B13,0.10275798264554759
0xd16171A8a5D7eD7e7C0f767Fb888f5e10779bA4C,3.194371965532418e-07
0xd3dB46824Ada2EB42640BA381D8D568BfB2F1D75,0.0011189814801539997
0xd4BB9F59277c20a3f731d10654D8Fae1F40318e4,0.0011630304879550475
0xd60556C4066AD72120D15819b69f6bbB5d7E47a7,0.00039393487112021744
0xd7583E3CF08bbcaB66F1242195227bBf9F865Fda,0.06206730179113858
0xd85D9B5b5C874dE0dBDAEaDb87B4F2Ac2AEa0452,0.07356522313539196
0xd87f632c072EBcc88b470229Fc3c178b6c0E4175,0.002172496645971155
0xdDeB2C9d5A0c507d916B653e5F73D8d7fFc3ACD0,0.0033087377033656127
0xdb3d28072bb2959c93C7093a6592de05C0be3EAB,0.0006334471762725388
0xdd647CE113505b34c62412d2A804cE1bfBCFc737,0.01679357205248189
0xe1051fdB83569BEA32658Ff95e6B08aFEf372D70,0.0020667265569001446
0xe26a4B26441E4fA77517bcC5be48a51Ff151047d,0.016447605588359008
0xe2970F5245e9b6cC6AD202A3C343b912E7718085,1.996271924792657e-05
0xe4fbe442510645F392fca2177282bC3C123A0E6B,0.023097365475811076
0xe55725260cd55ab0f7d5614660aAb4Ab9D33625F,3.446839272982017e-07
0xe5e9FfE707Ee071998340972AF6fb178f5C64bA6,0.004387508814319517
0xe96fA0bB4650B9fb9471B788EcD6B47143800699,2.7517129397744125e-06
0xe9F17dc29A1cEE3e68b7a87cf5B56151b0549976,0.0007120364201292329
0xeA2a7d58a6799D7e76feEBbB9FD3985Aa3295DF0,0.009179092231133147
0xeB7C704142FECCcDfA13beC56E2f7f78bEAadf01,0.0008693547375136256
0xeBE9F310836c3633A65aEE1D3164856d14B2CF3C,0.0001647667148615741
0xeE73fA9Da41855DF46847BB692031C9c3C554e9D,0.034929539073658894
0xeb60e45F33CBfB07300342e84B7C50D1Ec9A392F,0.3984391848791096
0xecAD6A588E8b9FBfdDC0DB79b9886Ee2F8e8048f,1.6195029065222027e-05
0xee1e33029C2104993E4536Be502990284e77080d,0.23959431430191566
0xf19e5237D64eCd80FFFC1bE9966b0dAc98fbd7c8,0.0022746266199127714
0xf1A8fAbe6950FeaB78ec3b6a3a5485F466Aa9506,0.0005127653650960513
0xf26fA0a6b5445d9F9F75C3016ec820F0d072e99A,0.011395563520954242
0xf29d85ff61750a064cdF4AB1C6000e94e0eA7530,0.0010395325363581163
0xf2d807F09eDEd2e93A0bceD60a5cFeD41d0162E8,1.112198061819268e-05
0xf4F403CDcC98eC325AB8643DA41D265fC2443133,0.0015190147445339037
0xf4f3D2d8118784AC61078bBdBC871ceC2c22762f,0.0003489428396525022
0xf5d98c5889b3966607619e8af89829a5f150EFF2,3.5266017919699612e-06
0xf70ADd82D558E0dB23c5FFDa869305518F401a91,8.828093287974668e-05
0xf7d1297B16E922b5C980ad2Cda17432A6E60d70E,0.0016543067393892039
0xf7d201da6737A0676dE3242E14665E1d89D33a3C,0.0005180731500694134
0xf8d49bd0A9Fa9AC603d90D955Bb0865aFa490792,0.0011277360769414142
0xf8e88a385BdEB243DBBf6DB2d3876f0ea123C9cE,0.07069433567162242
0xf93F775EEB76e69Aa76b6785c2DCF16303fE277d,0.00020202967217302292
0xf986A0b6307f50e6403E1a936B7d701cC2660C52,0.0016428059698936582
0xfAebCbFbB35935e45afBD6b7EAfA93aB9c4fEc05,0.00047689387979388503
0xfD25419fF0Aa46e5d7A9173E853fA27Ec9207c35,0.1212575729205856
0xfD81B27D9796a1BA7d7171eA70010c9befB2a62a,1.4479996518802585
0xfEEc7aC9Dee0a3Cd1fA78Ee0fA9952897547eBc7,0.011222513561111352
0xfEF6eb467B9a9c2F60F48DD9decB4f66E85c53D9,0.002063514652424521
0xfba674dBBbFaFEd6da9895051E5204DE824325b9,0.005991017829125969
0xff5177e2f141a4325c188c7f1373b98100C9a3B0,1.3590293678243668e-07
